"","PersonID","FirstName","LastName","ZIP","Phone"
"63",1,"Jaylen","Christensen",10006,"646-376-4466"
"20",2,"Reynaldo","Harris",11223,"646-382-3431"
"311",3,"Yandel","Franklin",10099,"718-510-6575"
"183",4,"Lia","Short",11230,"718-664-9574"
"52",5,"Cael","Glover",10026,"646-623-7673"
"867",6,"Patrick","Hodge",11222,"917-284-5780"
"12",7,"Jaqueline","Ewing",10106,"347-409-5439"
"10",8,"Darren","Burns",10120,"212-220-3311"
"139",9,"Rigoberto","Mayo",11358,"212-537-6720"
"28",10,"Aliya","Hoffman",11366,"917-613-6421"
"154",11,"Luna","Martinez",10006,"718-771-3686"
"288",12,"Angelique","Oliver",11413,"917-252-3830"
"114",13,"Melvin","Buckner",10304,"212-836-6512"
"231",14,"Jeramiah","Potts",11221,"646-228-5446"
"275",15,"Owen","Noble",10453,"212-476-4876"
"624",16,"Dayana","Kidd",10170,"347-385-1742"
"103",17,"Gemma","Donovan",10069,"646-768-1792"
"296",18,"Jack","Bruce",11218,"646-522-7235"
"330",19,"Salvador","Emerson",10028,"347-276-8948"
"85",20,"Reed","Flowers",10168,"646-547-6398"
"1033",21,"Jazmine","Foley",10029,"718-605-9088"
"299",22,"Hadassah","Abbott",11377,"917-823-9292"
"78",23,"Jocelynn","Buck",11105,"718-722-6313"
"233",24,"Zaniyah","Case",11103,"718-604-7729"
"170",25,"Khalil","Medina",11419,"917-361-9803"
"361",26,"Jaylan","Martin",10123,"212-403-5255"
"74",27,"Aaden","Lowe",11233,"212-683-8794"
"663",28,"Tristin","Barron",10467,"212-510-3235"
"158",29,"Alexander","Cantu",10278,"917-261-3926"
"51",30,"Alexus","Crosby",10473,"646-223-6544"
"346",31,"Jazmin","Schmidt",11237,"718-294-7531"
"66",32,"Reese","Roth",11208,"212-614-7981"
"214",33,"Presley","Padilla",11357,"646-358-6884"
"545",34,"Adrianna","Duncan",10032,"646-544-5915"
"145",35,"Amari","Parker",10010,"212-525-3571"
"180",36,"Kendrick","Floyd",11434,"917-650-7989"
"41",37,"Grace","Rowe",10158,"646-524-8955"
"622",38,"Dawson","Rios",11362,"917-560-5580"
"136",39,"Damaris","Crosby",11436,"646-662-5349"
"87",40,"King","Rose",11367,"347-823-6645"
"397",41,"Ryleigh","Wilkins",10302,"917-766-5604"
"23",42,"Stanley","Townsend",10314,"212-775-3412"
"37",43,"Rodney","Stafford",10158,"646-519-3002"
"725",44,"Ciara","Nunez",10010,"917-738-7813"
"18",45,"Omari","Rush",11691,"646-516-3070"
"122",46,"Maurice","Tran",10471,"212-470-2697"
"187",47,"Brayan","Owens",11239,"347-766-3697"
"159",48,"Jaylen","Smith",10464,"212-432-9911"
"81",49,"Selina","Nelson",10035,"718-511-4170"
"589",50,"Susan","Matthews",10128,"212-748-5980"
"951",51,"Derek","Oliver",11362,"347-716-1227"
"279",52,"Jaycee","England",10014,"347-368-1526"
"728",53,"Eve","Lindsey",11372,"917-719-1929"
"46",54,"Jayson","Bullock",11210,"718-708-3598"
"75",55,"Amy","Jarvis",11375,"646-804-4663"
"178",56,"Immanuel","Joyce",11234,"212-671-1389"
"50",57,"Lia","Harrell",10451,"347-270-4389"
"98",58,"Mitchell","Lloyd",11362,"718-796-7350"
"83",59,"Desiree","Melton",11432,"646-270-2996"
"350",60,"Evie","Beasley",11360,"347-379-6271"
"17",61,"Rylie","Ayala",10167,"917-745-5684"
"322",62,"Ansley","Henson",10173,"917-353-7715"
"21",63,"Quentin","Randolph",11207,"347-625-6847"
"192",64,"Miles","Burton",10465,"646-336-1902"
"59",65,"Isaias","Moon",10471,"212-716-6333"
"16",66,"Yaritza","Andrews",11234,"718-746-4988"
"168",67,"Danny","Gray",10309,"917-280-8507"
"507",68,"Autumn","Burnett",11366,"917-355-7377"
"674",69,"Sarah","Velazquez",11417,"917-811-9147"
"58",70,"Terrance","Forbes",10154,"347-642-8572"
"462",71,"Lucy","Baldwin",10024,"917-661-5442"
"219",72,"Deja","Lindsey",10307,"212-411-1820"
"688",73,"Colby","Atkinson",10007,"646-772-2257"
"165",74,"Zackary","Gilliam",10279,"917-593-3931"
"7",75,"Remington","Farrell",11693,"917-843-4608"
"79",76,"Dixie","Cruz",10103,"917-586-9422"
"489",77,"Yair","Edwards",10468,"347-774-4501"
"57",78,"Octavio","Whitehead",11218,"212-423-2062"
"67",79,"Mariam","Bowen",11238,"646-292-3920"
"142",80,"Nelson","Flynn",11109,"646-725-6832"
"92",81,"Aileen","Johnson",11210,"917-426-2147"
"410",82,"Harry","Rogers",11370,"917-782-8106"
"34",83,"Kamryn","Hopper",11418,"917-350-9472"
"36",84,"Makhi","Robles",10451,"917-612-4762"
"100",85,"Elianna","Kaufman",11230,"212-832-9113"
"70",86,"Jaida","Whitney",11363,"718-703-2577"
"138",87,"Braylon","Spence",11241,"347-729-6167"
"38",88,"Alfonso","Gilbert",11225,"347-656-8233"
"49",89,"Irvin","Hinton",11363,"212-335-8571"
"29",90,"Janiah","Kidd",11220,"347-346-9229"
"8",91,"Pedro","Payne",10005,"212-498-6862"
"208",92,"Adeline","Dillon",11373,"718-512-2564"
"198",93,"Vance","Wilcox",10466,"347-314-5165"
"3",94,"Beau","Ware",10013,"646-391-9926"
"77",95,"Matthias","Clemons",11411,"347-329-7260"
"363",96,"Bailey","Jordan",10029,"347-840-4080"
"238",97,"Reina","Hester",11435,"917-817-8225"
"2",98,"Brenden","Rasmussen",10015,"646-812-7298"
"93",99,"Kyla","Shannon",11368,"646-352-2431"
"188",100,"Branson","Ingram",10026,"212-780-2467"
"80",101,"Anabella","Nixon",11249,"212-523-6502"
"258",102,"Anabelle","Wilson",11211,"917-728-8694"
"245",103,"Fabian","Bryan",10168,"646-523-3121"
"220",104,"Dillon","Roberson",10118,"212-629-8042"
"13",105,"Porter","Parks",11385,"718-483-5325"
"60",106,"Briley","Estrada",11360,"646-234-2097"
"648",107,"Elliana","Pratt",10174,"917-830-8782"
"481",108,"Adeline","Dickerson",10111,"718-703-9796"
"473",109,"Jordan","Scott",10048,"917-284-9436"
"137",110,"Kade","Hood",10014,"917-336-9522"
"120",111,"Belen","Hess",11237,"917-302-6036"
"600",112,"Mekhi","Ramos",11101,"646-537-5741"
"99",113,"Regina","Brewer",11209,"646-614-1481"
"132",114,"Bradley","Sims",10456,"646-587-3973"
"224",115,"Mathew","Harrison",11694,"646-614-8165"
"40",116,"Dylan","Clark",10468,"646-576-9372"
"317",117,"Aliza","Foreman",11697,"917-380-2950"
"618",118,"Kenley","Hunt",10028,"212-705-8822"
"43",119,"Tatiana","Davidson",10451,"718-457-2953"
"820",120,"Kiana","Maddox",11428,"347-248-5713"
"516",121,"Jazmyn","Livingston",11414,"917-364-9971"
"876",122,"Ismael","Washington",10041,"212-439-5421"
"292",123,"Moses","Ingram",10015,"917-682-3372"
"227",124,"Cody","Leach",10005,"347-570-3346"
"119",125,"Lacey","Spencer",11411,"917-605-3899"
"406",126,"Serena","Peters",11363,"718-380-2477"
"1",127,"Alexia","Rasmussen",11422,"718-534-2403"
"756",128,"Conner","Hinton",11204,"646-775-3686"
"372",129,"Deven","Graham",11693,"646-246-7524"
"1006",130,"Kyle","Garner",10010,"917-338-6372"
"30",131,"Desmond","Knowles",10122,"917-785-7273"
"153",132,"Jayda","Crawford",11105,"718-658-3906"
"76",133,"Katherine","Turner",11216,"347-589-7132"
"109",134,"Karli","Henson",11356,"917-716-1314"
"24",135,"Lena","Rivera",11361,"212-340-5502"
"22",136,"Deborah","Lamb",10302,"718-408-4184"
"191",137,"Amya","Walton",11422,"347-350-9310"
"256",138,"Kyleigh","Franks",10309,"718-550-6560"
"6",139,"Quinten","Hubbard",10016,"917-687-2256"
"243",140,"Skylar","Buck",10162,"212-592-7909"
"267",141,"Vanessa","Mcmahon",10026,"212-569-4823"
"31",142,"Harrison","Duke",10112,"718-245-5292"
"301",143,"Jasiah","Kirkland",10468,"347-479-2352"
"162",144,"Donna","Gallegos",11421,"917-617-3764"
"461",145,"Giuliana","Miles",11373,"917-657-9916"
"324",146,"Brett","Wilkinson",10303,"347-524-8554"
"610",147,"Conor","Weiss",11203,"347-518-5638"
"48",148,"Holden","Fowler",10118,"212-722-7454"
"295",149,"Savanah","Forbes",10281,"917-687-6671"
"171",150,"Kaleigh","Gaines",11422,"718-823-7799"
"44",151,"Kaiya","Hull",10457,"347-829-1136"
"9",152,"Elianna","Medina",10308,"646-819-2778"
"223",153,"Leland","Hunter",11109,"212-793-5299"
"86",154,"Landyn","Pitts",10166,"347-320-2243"
"53",155,"Leia","Schroeder",11362,"347-373-6302"
"5",156,"Jacoby","Cook",10045,"917-808-6186"
"118",157,"Valentino","Ford",11208,"212-745-3651"
"33",158,"Alessandro","Casey",11209,"917-647-6620"
"64",159,"Mireya","Woodard",10110,"718-496-7026"
"97",160,"Raegan","Cantrell",10280,"646-813-3328"
"400",161,"Peyton","Pace",11216,"646-619-7420"
"935",162,"Stella","Leon",10161,"646-404-6826"
"14",163,"Donavan","Ingram",11224,"718-543-2608"
"11",164,"Rebekah","Beard",10155,"212-700-7304"
"82",165,"Cannon","Berg",11420,"646-605-8063"
"420",166,"Rihanna","Guthrie",11204,"212-560-3413"
"230",167,"Neveah","Reynolds",10019,"646-527-1224"
"61",168,"Kierra","Holmes",11101,"718-451-2157"
"745",169,"Eduardo","Jimenez",10453,"646-595-2549"
"173",170,"Skylar","Whitfield",10469,"212-827-7355"
"200",171,"Savanah","Fernandez",11379,"212-358-3769"
"538",172,"Fernando","Rosa",10031,"917-669-3112"
"140",173,"Rebekah","Best",11434,"646-826-7098"
"15",174,"Charles","McCoy",11220,"347-312-4725"
"19",175,"Bridger","Stephenson",11374,"718-792-7253"
"166",176,"Alison","Mays",10165,"917-265-9366"
"25",177,"Aaliyah","Stephenson",10169,"646-354-5674"
"468",178,"Maximilian","Morales",11217,"212-772-6202"
"42",179,"Carleigh","Manning",10021,"646-573-3267"
"113",180,"Charlie","Herring",10473,"212-321-1690"
"91",181,"Jakobe","Miller",10451,"917-728-8534"
"105",182,"Kassidy","Good",10039,"718-660-6567"
"429",183,"Londyn","Bentley",10470,"917-278-4443"
"329",184,"Hallie","Casey",10107,"646-463-4607"
"240",185,"Malia","Bridges",10128,"917-338-2937"
"26",186,"Quintin","McConnell",11413,"917-363-2471"
"913",187,"Krista","Emerson",11217,"917-631-6768"
"373",188,"Makenna","Joseph",10172,"212-533-9260"
"35",189,"Jasmin","Guzman",10028,"718-377-3801"
"39",190,"Kaylee","Richmond",11224,"646-799-3731"
"151",191,"Kai","Sparks",11211,"212-522-5661"
"55",192,"Jayden","Whitfield",10037,"347-356-9081"
"466",193,"Savanna","Oneil",10069,"646-733-3847"
"293",194,"Kymani","Beck",10463,"718-351-9427"
"185",195,"Darius","Travis",10459,"917-444-3708"
